<?xml version="1.0" encoding="UTF-8"?>
<lom xmlns="http://ltsc.ieee.org/xsd/LOM" xmlns:xsi="http://www.w3.org/2001/XMLSchema-instance" xsi:schemaLocation="http://ltsc.ieee.org/xsd/LOM lomCustom.xsd"><general uniqueElementName="general"><identifier><catalog uniqueElementName="catalog">My Catalog</catalog><entry uniqueElementName="entry">ODE-20251126210644XCORWA</entry></identifier><title><string language="es">PINTANDO EL FLAMENCO</string></title><language>es</language><description><string language="es">ÁREA: Ed. Artística
NIVEL: 6º Ed. Primaria
TEMPORALIZACIÓN: un trimestre.


A través de esta SdA,  nos acercaremos al Flamenco (y no solo el 16 de Noviembre) y relacionaremos música y pintura, en una aproximación al patrimonio artístico cordobés, a fin de conocerlo, valorarlo y difundirlo.</string></description><aggregationLevel uniqueElementName="aggregationLevel"><source uniqueElementName="source">LOM-ESv1.0</source><value uniqueElementName="value">2</value></aggregationLevel></general><lifeCycle><contribute><role uniqueElementName="role"><source uniqueElementName="source">LOM-ESv1.0</source><value uniqueElementName="value">author</value></role><entity>BEGIN:VCARD VERSION:3.0 FN:ALICIA PORRAS CÓRDOBA EMAIL;TYPE=INTERNET: ORG: END:VCARD</entity><date><dateTime uniqueElementName="dateTime">2025-11-30T20:55:39.00+00:00</dateTime><description><string language="es">Fecha de creación de metadatos</string></description></date></contribute></lifeCycle><metaMetadata uniqueElementName="metaMetadata"><contribute><role uniqueElementName="role"><source uniqueElementName="source">LOM-ESv1.0</source><value uniqueElementName="value">creator</value></role><entity>BEGIN:VCARD VERSION:3.0 FN:ALICIA PORRAS CÓRDOBA EMAIL;TYPE=INTERNET: ORG: END:VCARD</entity><date><dateTime uniqueElementName="dateTime">2025-11-30T20:55:39.00+00:00</dateTime><description><string language="es">Fecha de creación de metadatos</string></description></date></contribute><metadataSchema>LOM-ESv1.0</metadataSchema><language>es</language></metaMetadata><technical uniqueElementName="technical"><otherPlatformRequirements><string language="es">editor: eXe Learning</string></otherPlatformRequirements></technical><educational><language>es</language></educational><rights uniqueElementName="rights"><copyrightAndOtherRestrictions uniqueElementName="copyrightAndOtherRestrictions"><source uniqueElementName="source">LOM-ESv1.0</source><value uniqueElementName="value">creative commons: attribution - share alike 4.0</value></copyrightAndOtherRestrictions><access uniqueElementName="access"><accessType uniqueElementName="accessType"><source uniqueElementName="source">LOM-ESv1.0</source><value uniqueElementName="value">universal</value></accessType><description><string language="en">Default</string></description></access></rights></lom>
