<?xml version="1.0" encoding="UTF-8"?>
<manifest identifier="eXe-MANIFEST-20251126210644XCORWA" xmlns="http://www.imsproject.org/xsd/imscp_rootv1p1p2" xmlns:adlcp="http://www.adlnet.org/xsd/adlcp_rootv1p2" xmlns:imsmd="http://www.imsglobal.org/xsd/imsmd_v1p2" xmlns:xsi="http://www.w3.org/2001/XMLSchema-instance" xsi:schemaLocation="http://www.imsproject.org/xsd/imscp_rootv1p1p2 imscp_rootv1p1p2.xsd http://www.imsglobal.org/xsd/imsmd_rootv1p2p1 imsmd_rootv1p2p1.xsd http://www.adlnet.org/xsd/adlcp_rootv1p2 adlcp_rootv1p2.xsd"><metadata><schema>ADL SCORM</schema><schemaversion>1.2</schemaversion><adlcp:location>imslrm.xml</adlcp:location></metadata><organizations default="eXe-20251126210644XCORWA"><organization identifier="eXe-20251126210644XCORWA" structure="hierarchical"><title>PINTANDO EL FLAMENCO</title><item identifier="ITEM-20251128193846507GM8" identifierref="RES-20251128193846507GM8" isvisible="true"><title>EL LATIDO DE CÓRDOBA. UN PASEO POR EL TALENTO Y EL ARTE</title><item identifier="ITEM-20251129220619276QE5" identifierref="RES-20251129220619276QE5" isvisible="true"><title>Proyecto Artístico "Pintando el Flamenco"</title></item></item><item identifier="ITEM-20251128222229510B6T" identifierref="RES-20251128222229510B6T" isvisible="true"><title>LA SEGURIDAD ANTE TODO...</title><item identifier="ITEM-20251130031513213M6H" identifierref="RES-20251130031513213M6H" isvisible="true"><title>Material Complementario</title></item></item><item identifier="ITEM-20251128224116591YKE" identifierref="RES-20251128224116591YKE" isvisible="true"><title>HERRAMIENTAS Y RECURSOS DIGITALES IMPRESCINDIBLES</title></item><item identifier="ITEM-20251128231018371LXC" identifierref="RES-20251128231018371LXC" isvisible="true"><title>PARA NO PERDERTE...</title><item identifier="ITEM-20251129233417938XQ3" identifierref="RES-20251129233417938XQ3" isvisible="true"><title>Planificación</title><item identifier="ITEM-20251130160654651Y4D" identifierref="RES-20251130160654651Y4D" isvisible="true"><title>Actividades o tareas por áreas y criterios.</title></item></item></item><item identifier="ITEM-20251128183120GNHCFH" identifierref="RES-20251128183120GNHCFH" isvisible="true"><title>VALORAMOS LO APRENDIDO</title></item><item identifier="ITEM-20251129003402564EKB" identifierref="RES-20251129003402564EKB" isvisible="true"><title>GUÍA DIDÁCTICA-CONCRECIÓN CURRICULAR</title><item identifier="ITEM-2025113000144376878T" identifierref="RES-2025113000144376878T" isvisible="true"><title>Secuencia Didáctica</title><item identifier="ITEM-20251130004201196JE8" identifierref="RES-20251130004201196JE8" isvisible="true"><title>PDF</title></item><item identifier="ITEM-20251130005029021X2B" identifierref="RES-20251130005029021X2B" isvisible="true"><title>Evaluación</title><item identifier="ITEM-20251130141550179RH3" identifierref="RES-20251130141550179RH3" isvisible="true"><title>Pautas DUA</title><item identifier="ITEM-202511301439052674OA" identifierref="RES-202511301439052674OA" isvisible="true"><title>DUA: Marco, principios y pautas</title></item></item></item></item></item><item identifier="ITEM-2025113002441353331Y" identifierref="RES-2025113002441353331Y" isvisible="true"><title>RECOMENDACIONES DE USO</title></item><item identifier="ITEM-202511301323188551K0" identifierref="RES-202511301323188551K0" isvisible="true"><title>PARA SABER MÁS</title></item><item identifier="ITEM-20251130032740420UVB" identifierref="RES-20251130032740420UVB" isvisible="true"><title>CRÉDITOS Y DESCARGA</title></item></organization></organizations><resources><resource identifier="RES-20251128193846507GM8" type="webcontent" adlcp:scormtype="sco" href="index.html"><file href="index.html"/><file href="idevices/text/text.css"/><file href="idevices/text/text.html"/><file href="idevices/text/text.js"/><dependency identifierref="COMMON_FILES"/></resource><resource identifier="RES-20251129220619276QE5" type="webcontent" adlcp:scormtype="sco" href="html/proyecto-artistico-pintando-el-flamenco.html"><file href="html/proyecto-artistico-pintando-el-flamenco.html"/><file href="idevices/external-website/external-website.css"/><file href="idevices/external-website/external-website.js"/><dependency identifierref="COMMON_FILES"/></resource><resource identifier="RES-20251128222229510B6T" type="webcontent" adlcp:scormtype="sco" href="html/la-seguridad-ante-todo.html"><file href="html/la-seguridad-ante-todo.html"/><file href="libs/exe_magnify/app\common\exe_magnify\mojomagnify.js"/><file href="content/resources/20251128234757803BNO/SEGURIDAD_DIGITAL.jpg"/><file href="idevices/text/text.css"/><file href="idevices/text/text.html"/><file href="idevices/text/text.js"/><file href="idevices/magnifier/exezoomf.png"/><file href="idevices/magnifier/hood.jpg"/><file href="idevices/magnifier/magnifier.css"/><file href="idevices/magnifier/magnifier.html"/><file href="idevices/magnifier/magnifier.js"/><file href="idevices/magnifier/mojomagnify.js"/><dependency identifierref="COMMON_FILES"/></resource><resource identifier="RES-20251130031513213M6H" type="webcontent" adlcp:scormtype="sco" href="html/material-complementario.html"><file href="html/material-complementario.html"/><file href="libs/exe_effects/app\common\exe_effects\exe_effects.css"/><file href="libs/exe_effects/app\common\exe_effects\exe_effects.js"/><file href="idevices/text/text.css"/><file href="idevices/text/text.html"/><file href="idevices/text/text.js"/><dependency identifierref="COMMON_FILES"/></resource><resource identifier="RES-20251128224116591YKE" type="webcontent" adlcp:scormtype="sco" href="html/herramientas-y-recursos-digitales-imprescindibles.html"><file href="html/herramientas-y-recursos-digitales-imprescindibles.html"/><file href="content/resources/202511282241274269GE/Informatica.webp"/><file href="content/resources/20251128230020666QUE/gestion-escolar-3.jpg"/><file href="idevices/text/text.css"/><file href="idevices/text/text.html"/><file href="idevices/text/text.js"/><dependency identifierref="COMMON_FILES"/></resource><resource identifier="RES-20251128231018371LXC" type="webcontent" adlcp:scormtype="sco" href="html/para-no-perderte.html"><file href="html/para-no-perderte.html"/><file href="content/resources/2025112823102345131V/121643-OQ70TV-372.jpg"/><file href="idevices/text/text.css"/><file href="idevices/text/text.html"/><file href="idevices/text/text.js"/><dependency identifierref="COMMON_FILES"/></resource><resource identifier="RES-20251129233417938XQ3" type="webcontent" adlcp:scormtype="sco" href="html/planificacion.html"><file href="html/planificacion.html"/><file href="idevices/external-website/external-website.css"/><file href="idevices/external-website/external-website.js"/><dependency identifierref="COMMON_FILES"/></resource><resource identifier="RES-20251130160654651Y4D" type="webcontent" adlcp:scormtype="sco" href="html/actividades-o-tareas-por-areas-y-criterios.html"><file href="html/actividades-o-tareas-por-areas-y-criterios.html"/><file href="idevices/text/text.css"/><file href="idevices/text/text.html"/><file href="idevices/text/text.js"/><dependency identifierref="COMMON_FILES"/></resource><resource identifier="RES-20251128183120GNHCFH" type="webcontent" adlcp:scormtype="sco" href="html/valoramos-lo-aprendido.html"><file href="html/valoramos-lo-aprendido.html"/><file href="content/resources/20251128233527110BFE/VALIENTES.jpeg"/><file href="content/resources/2025112900230632389Z/.jpg"/><file href="idevices/text/text.css"/><file href="idevices/text/text.html"/><file href="idevices/text/text.js"/><dependency identifierref="COMMON_FILES"/></resource><resource identifier="RES-20251129003402564EKB" type="webcontent" adlcp:scormtype="sco" href="html/guÍa-didÁctica-concreciÓn-curricular.html"><file href="html/guÍa-didÁctica-concreciÓn-curricular.html"/><file href="content/resources/202511290035411509G9/mceclip10.png"/><file href="content/resources/202511290035411509G9/mceclip2.png"/><file href="content/resources/202511290035411509G9/mceclip4.png"/><file href="content/resources/202511290035411509G9/mceclip5.png"/><file href="content/resources/202511290035411509G9/mceclip6.png"/><file href="content/resources/202511290035411509G9/mceclip7.png"/><file href="content/resources/202511290035411509G9/mceclip8.png"/><file href="content/resources/202511290035411509G9/mceclip9.png"/><file href="idevices/text/text.css"/><file href="idevices/text/text.html"/><file href="idevices/text/text.js"/><dependency identifierref="COMMON_FILES"/></resource><resource identifier="RES-2025113000144376878T" type="webcontent" adlcp:scormtype="sco" href="html/secuencia-didactica.html"><file href="html/secuencia-didactica.html"/><file href="content/resources/20251130001449876NHI/mceclip10.png"/><file href="content/resources/20251130001449876NHI/mceclip11_1.png"/><file href="content/resources/20251130001449876NHI/mceclip12_1.png"/><file href="content/resources/20251130001449876NHI/mceclip2.png"/><file href="content/resources/20251130001449876NHI/mceclip4.png"/><file href="content/resources/20251130001449876NHI/mceclip5.png"/><file href="content/resources/20251130001449876NHI/mceclip6.png"/><file href="content/resources/20251130001449876NHI/mceclip7.png"/><file href="content/resources/20251130001449876NHI/mceclip8.png"/><file href="content/resources/20251130001449876NHI/mceclip9.png"/><file href="idevices/text/text.css"/><file href="idevices/text/text.html"/><file href="idevices/text/text.js"/><dependency identifierref="COMMON_FILES"/></resource><resource identifier="RES-20251130004201196JE8" type="webcontent" adlcp:scormtype="sco" href="html/pdf.html"><file href="html/pdf.html"/><file href="idevices/text/text.css"/><file href="idevices/text/text.html"/><file href="idevices/text/text.js"/><dependency identifierref="COMMON_FILES"/></resource><resource identifier="RES-20251130005029021X2B" type="webcontent" adlcp:scormtype="sco" href="html/evaluacion.html"><file href="html/evaluacion.html"/><file href="libs/exe_effects/app\common\exe_effects\exe_effects.css"/><file href="libs/exe_effects/app\common\exe_effects\exe_effects.js"/><file href="idevices/text/text.css"/><file href="idevices/text/text.html"/><file href="idevices/text/text.js"/><dependency identifierref="COMMON_FILES"/></resource><resource identifier="RES-20251130141550179RH3" type="webcontent" adlcp:scormtype="sco" href="html/pautas-dua.html"><file href="html/pautas-dua.html"/><file href="idevices/text/text.css"/><file href="idevices/text/text.html"/><file href="idevices/text/text.js"/><file href="idevices/external-website/external-website.css"/><file href="idevices/external-website/external-website.js"/><dependency identifierref="COMMON_FILES"/></resource><resource identifier="RES-202511301439052674OA" type="webcontent" adlcp:scormtype="sco" href="html/dua-marco-principios-y-pautas.html"><file href="html/dua-marco-principios-y-pautas.html"/><file href="idevices/external-website/external-website.css"/><file href="idevices/external-website/external-website.js"/><dependency identifierref="COMMON_FILES"/></resource><resource identifier="RES-2025113002441353331Y" type="webcontent" adlcp:scormtype="sco" href="html/recomendaciones-de-uso.html"><file href="html/recomendaciones-de-uso.html"/><file href="libs/exe_effects/app\common\exe_effects\exe_effects.css"/><file href="libs/exe_effects/app\common\exe_effects\exe_effects.js"/><file href="idevices/text/text.css"/><file href="idevices/text/text.html"/><file href="idevices/text/text.js"/><dependency identifierref="COMMON_FILES"/></resource><resource identifier="RES-202511301323188551K0" type="webcontent" adlcp:scormtype="sco" href="html/para-saber-mÁs.html"><file href="html/para-saber-mÁs.html"/><file href="idevices/text/text.css"/><file href="idevices/text/text.html"/><file href="idevices/text/text.js"/><dependency identifierref="COMMON_FILES"/></resource><resource identifier="RES-20251130032740420UVB" type="webcontent" adlcp:scormtype="sco" href="html/crÉditos-y-descarga.html"><file href="html/crÉditos-y-descarga.html"/><file href="idevices/download-source-file/download-package-licenses.png"/><file href="idevices/download-source-file/download-source-file.css"/><dependency identifierref="COMMON_FILES"/></resource><resource identifier="COMMON_FILES" type="webcontent" adlcp:scormtype="asset"><file href="libs/C:\Users\LENOVO\AppData\Roaming\exelearning\data\tmp\2025\11\26\20251126210644WDTTJQ\tmp\localuser\export\libs\bootstrap\bootstrap.bundle.min.js"/><file href="libs/C:\Users\LENOVO\AppData\Roaming\exelearning\data\tmp\2025\11\26\20251126210644WDTTJQ\tmp\localuser\export\libs\bootstrap\bootstrap.bundle.min.js.map"/><file href="libs/C:\Users\LENOVO\AppData\Roaming\exelearning\data\tmp\2025\11\26\20251126210644WDTTJQ\tmp\localuser\export\libs\bootstrap\bootstrap.min.css"/><file href="libs/C:\Users\LENOVO\AppData\Roaming\exelearning\data\tmp\2025\11\26\20251126210644WDTTJQ\tmp\localuser\export\libs\bootstrap\bootstrap.min.css.map"/><file href="libs/C:\Users\LENOVO\AppData\Roaming\exelearning\data\tmp\2025\11\26\20251126210644WDTTJQ\tmp\localuser\export\libs\common.js"/><file href="libs/C:\Users\LENOVO\AppData\Roaming\exelearning\data\tmp\2025\11\26\20251126210644WDTTJQ\tmp\localuser\export\libs\common_i18n.js"/><file href="libs/C:\Users\LENOVO\AppData\Roaming\exelearning\data\tmp\2025\11\26\20251126210644WDTTJQ\tmp\localuser\export\libs\exe_effects\exe_effects.css"/><file href="libs/C:\Users\LENOVO\AppData\Roaming\exelearning\data\tmp\2025\11\26\20251126210644WDTTJQ\tmp\localuser\export\libs\exe_effects\exe_effects.js"/><file href="libs/C:\Users\LENOVO\AppData\Roaming\exelearning\data\tmp\2025\11\26\20251126210644WDTTJQ\tmp\localuser\export\libs\exe_export.js"/><file href="libs/C:\Users\LENOVO\AppData\Roaming\exelearning\data\tmp\2025\11\26\20251126210644WDTTJQ\tmp\localuser\export\libs\exe_magnify\mojomagnify.js"/><file href="libs/C:\Users\LENOVO\AppData\Roaming\exelearning\data\tmp\2025\11\26\20251126210644WDTTJQ\tmp\localuser\export\libs\jquery\jquery.min.js"/><file href="libs/C:\Users\LENOVO\AppData\Roaming\exelearning\data\tmp\2025\11\26\20251126210644WDTTJQ\tmp\localuser\export\libs\SCOFunctions.js"/><file href="libs/C:\Users\LENOVO\AppData\Roaming\exelearning\data\tmp\2025\11\26\20251126210644WDTTJQ\tmp\localuser\export\libs\SCORM_API_wrapper.js"/><file href="content/css/C:\Users\LENOVO\AppData\Roaming\exelearning\data\tmp\2025\11\26\20251126210644WDTTJQ\tmp\localuser\export\content/css\base.css"/><file href="content/css/C:\Users\LENOVO\AppData\Roaming\exelearning\data\tmp\2025\11\26\20251126210644WDTTJQ\tmp\localuser\export\content/css\icons\add.svg"/><file href="content/css/C:\Users\LENOVO\AppData\Roaming\exelearning\data\tmp\2025\11\26\20251126210644WDTTJQ\tmp\localuser\export\content/css\icons\aleft.svg"/><file href="content/css/C:\Users\LENOVO\AppData\Roaming\exelearning\data\tmp\2025\11\26\20251126210644WDTTJQ\tmp\localuser\export\content/css\icons\aright.svg"/><file href="content/css/C:\Users\LENOVO\AppData\Roaming\exelearning\data\tmp\2025\11\26\20251126210644WDTTJQ\tmp\localuser\export\content/css\icons\cross.svg"/><file href="content/css/C:\Users\LENOVO\AppData\Roaming\exelearning\data\tmp\2025\11\26\20251126210644WDTTJQ\tmp\localuser\export\content/css\icons\exe-arrow-icon-green.svg"/><file href="content/css/C:\Users\LENOVO\AppData\Roaming\exelearning\data\tmp\2025\11\26\20251126210644WDTTJQ\tmp\localuser\export\content/css\icons\exe-arrow-icon.svg"/><file href="content/css/C:\Users\LENOVO\AppData\Roaming\exelearning\data\tmp\2025\11\26\20251126210644WDTTJQ\tmp\localuser\export\content/css\icons\exe-chevron-icon-green.svg"/><file href="content/css/C:\Users\LENOVO\AppData\Roaming\exelearning\data\tmp\2025\11\26\20251126210644WDTTJQ\tmp\localuser\export\content/css\icons\exe-chevron-icon-white.svg"/><file href="content/css/C:\Users\LENOVO\AppData\Roaming\exelearning\data\tmp\2025\11\26\20251126210644WDTTJQ\tmp\localuser\export\content/css\icons\exe-chevron-icon.svg"/><file href="content/css/C:\Users\LENOVO\AppData\Roaming\exelearning\data\tmp\2025\11\26\20251126210644WDTTJQ\tmp\localuser\export\content/css\icons\exe-close-icon-white.svg"/><file href="content/css/C:\Users\LENOVO\AppData\Roaming\exelearning\data\tmp\2025\11\26\20251126210644WDTTJQ\tmp\localuser\export\content/css\icons\exe-close-icon.svg"/><file href="content/css/C:\Users\LENOVO\AppData\Roaming\exelearning\data\tmp\2025\11\26\20251126210644WDTTJQ\tmp\localuser\export\content/css\icons\exe-colors-icon-green.svg"/><file href="content/css/C:\Users\LENOVO\AppData\Roaming\exelearning\data\tmp\2025\11\26\20251126210644WDTTJQ\tmp\localuser\export\content/css\icons\exe-compress-icon.svg"/><file href="content/css/C:\Users\LENOVO\AppData\Roaming\exelearning\data\tmp\2025\11\26\20251126210644WDTTJQ\tmp\localuser\export\content/css\icons\exe-concurrent-users-icon.svg"/><file href="content/css/C:\Users\LENOVO\AppData\Roaming\exelearning\data\tmp\2025\11\26\20251126210644WDTTJQ\tmp\localuser\export\content/css\icons\exe-delete-icon-green.svg"/><file href="content/css/C:\Users\LENOVO\AppData\Roaming\exelearning\data\tmp\2025\11\26\20251126210644WDTTJQ\tmp\localuser\export\content/css\icons\exe-delete-icon-red.svg"/><file href="content/css/C:\Users\LENOVO\AppData\Roaming\exelearning\data\tmp\2025\11\26\20251126210644WDTTJQ\tmp\localuser\export\content/css\icons\exe-delete-icon.svg"/><file href="content/css/C:\Users\LENOVO\AppData\Roaming\exelearning\data\tmp\2025\11\26\20251126210644WDTTJQ\tmp\localuser\export\content/css\icons\exe-dots-menu-vertical-icon-green.svg"/><file href="content/css/C:\Users\LENOVO\AppData\Roaming\exelearning\data\tmp\2025\11\26\20251126210644WDTTJQ\tmp\localuser\export\content/css\icons\exe-dots-menu-vertical-icon.svg"/><file href="content/css/C:\Users\LENOVO\AppData\Roaming\exelearning\data\tmp\2025\11\26\20251126210644WDTTJQ\tmp\localuser\export\content/css\icons\exe-download-icon-disabled.svg"/><file href="content/css/C:\Users\LENOVO\AppData\Roaming\exelearning\data\tmp\2025\11\26\20251126210644WDTTJQ\tmp\localuser\export\content/css\icons\exe-download-icon-green.svg"/><file href="content/css/C:\Users\LENOVO\AppData\Roaming\exelearning\data\tmp\2025\11\26\20251126210644WDTTJQ\tmp\localuser\export\content/css\icons\exe-download-icon.svg"/><file href="content/css/C:\Users\LENOVO\AppData\Roaming\exelearning\data\tmp\2025\11\26\20251126210644WDTTJQ\tmp\localuser\export\content/css\icons\exe-drag-handle-icon.svg"/><file href="content/css/C:\Users\LENOVO\AppData\Roaming\exelearning\data\tmp\2025\11\26\20251126210644WDTTJQ\tmp\localuser\export\content/css\icons\exe-duplicate-icon-green.svg"/><file href="content/css/C:\Users\LENOVO\AppData\Roaming\exelearning\data\tmp\2025\11\26\20251126210644WDTTJQ\tmp\localuser\export\content/css\icons\exe-duplicate-icon.svg"/><file href="content/css/C:\Users\LENOVO\AppData\Roaming\exelearning\data\tmp\2025\11\26\20251126210644WDTTJQ\tmp\localuser\export\content/css\icons\exe-edit-icon-green.svg"/><file href="content/css/C:\Users\LENOVO\AppData\Roaming\exelearning\data\tmp\2025\11\26\20251126210644WDTTJQ\tmp\localuser\export\content/css\icons\exe-edit-icon.svg"/><file href="content/css/C:\Users\LENOVO\AppData\Roaming\exelearning\data\tmp\2025\11\26\20251126210644WDTTJQ\tmp\localuser\export\content/css\icons\exe-evaluation-icon-green.svg"/><file href="content/css/C:\Users\LENOVO\AppData\Roaming\exelearning\data\tmp\2025\11\26\20251126210644WDTTJQ\tmp\localuser\export\content/css\icons\exe-expand-icon-green.svg"/><file href="content/css/C:\Users\LENOVO\AppData\Roaming\exelearning\data\tmp\2025\11\26\20251126210644WDTTJQ\tmp\localuser\export\content/css\icons\exe-games-icon-green.svg"/><file href="content/css/C:\Users\LENOVO\AppData\Roaming\exelearning\data\tmp\2025\11\26\20251126210644WDTTJQ\tmp\localuser\export\content/css\icons\exe-image-compact-icon-green.svg"/><file href="content/css/C:\Users\LENOVO\AppData\Roaming\exelearning\data\tmp\2025\11\26\20251126210644WDTTJQ\tmp\localuser\export\content/css\icons\exe-image-compact-icon.svg"/><file href="content/css/C:\Users\LENOVO\AppData\Roaming\exelearning\data\tmp\2025\11\26\20251126210644WDTTJQ\tmp\localuser\export\content/css\icons\exe-image-icon-green.svg"/><file href="content/css/C:\Users\LENOVO\AppData\Roaming\exelearning\data\tmp\2025\11\26\20251126210644WDTTJQ\tmp\localuser\export\content/css\icons\exe-import-icon-green.svg"/><file href="content/css/C:\Users\LENOVO\AppData\Roaming\exelearning\data\tmp\2025\11\26\20251126210644WDTTJQ\tmp\localuser\export\content/css\icons\exe-import-icon.svg"/><file href="content/css/C:\Users\LENOVO\AppData\Roaming\exelearning\data\tmp\2025\11\26\20251126210644WDTTJQ\tmp\localuser\export\content/css\icons\exe-info-icon-green.svg"/><file href="content/css/C:\Users\LENOVO\AppData\Roaming\exelearning\data\tmp\2025\11\26\20251126210644WDTTJQ\tmp\localuser\export\content/css\icons\exe-info-icon-solid-green.svg"/><file href="content/css/C:\Users\LENOVO\AppData\Roaming\exelearning\data\tmp\2025\11\26\20251126210644WDTTJQ\tmp\localuser\export\content/css\icons\exe-information-icon-green.svg"/><file href="content/css/C:\Users\LENOVO\AppData\Roaming\exelearning\data\tmp\2025\11\26\20251126210644WDTTJQ\tmp\localuser\export\content/css\icons\exe-interactive-icon-green.svg"/><file href="content/css/C:\Users\LENOVO\AppData\Roaming\exelearning\data\tmp\2025\11\26\20251126210644WDTTJQ\tmp\localuser\export\content/css\icons\exe-link-icon.svg"/><file href="content/css/C:\Users\LENOVO\AppData\Roaming\exelearning\data\tmp\2025\11\26\20251126210644WDTTJQ\tmp\localuser\export\content/css\icons\exe-menu-icon.svg"/><file href="content/css/C:\Users\LENOVO\AppData\Roaming\exelearning\data\tmp\2025\11\26\20251126210644WDTTJQ\tmp\localuser\export\content/css\icons\exe-move-icon-green.svg"/><file href="content/css/C:\Users\LENOVO\AppData\Roaming\exelearning\data\tmp\2025\11\26\20251126210644WDTTJQ\tmp\localuser\export\content/css\icons\exe-move-icon.svg"/><file href="content/css/C:\Users\LENOVO\AppData\Roaming\exelearning\data\tmp\2025\11\26\20251126210644WDTTJQ\tmp\localuser\export\content/css\icons\exe-new-icon.svg"/><file href="content/css/C:\Users\LENOVO\AppData\Roaming\exelearning\data\tmp\2025\11\26\20251126210644WDTTJQ\tmp\localuser\export\content/css\icons\exe-open-icon.svg"/><file href="content/css/C:\Users\LENOVO\AppData\Roaming\exelearning\data\tmp\2025\11\26\20251126210644WDTTJQ\tmp\localuser\export\content/css\icons\exe-page-icon-green.svg"/><file href="content/css/C:\Users\LENOVO\AppData\Roaming\exelearning\data\tmp\2025\11\26\20251126210644WDTTJQ\tmp\localuser\export\content/css\icons\exe-page-icon.svg"/><file href="content/css/C:\Users\LENOVO\AppData\Roaming\exelearning\data\tmp\2025\11\26\20251126210644WDTTJQ\tmp\localuser\export\content/css\icons\exe-palette-icon-green.svg"/><file href="content/css/C:\Users\LENOVO\AppData\Roaming\exelearning\data\tmp\2025\11\26\20251126210644WDTTJQ\tmp\localuser\export\content/css\icons\exe-preview-icon-green.svg"/><file href="content/css/C:\Users\LENOVO\AppData\Roaming\exelearning\data\tmp\2025\11\26\20251126210644WDTTJQ\tmp\localuser\export\content/css\icons\exe-preview-icon-white.svg"/><file href="content/css/C:\Users\LENOVO\AppData\Roaming\exelearning\data\tmp\2025\11\26\20251126210644WDTTJQ\tmp\localuser\export\content/css\icons\exe-print-icon-green.svg"/><file href="content/css/C:\Users\LENOVO\AppData\Roaming\exelearning\data\tmp\2025\11\26\20251126210644WDTTJQ\tmp\localuser\export\content/css\icons\exe-recent-icon-green.svg"/><file href="content/css/C:\Users\LENOVO\AppData\Roaming\exelearning\data\tmp\2025\11\26\20251126210644WDTTJQ\tmp\localuser\export\content/css\icons\exe-report-icon-green.svg"/><file href="content/css/C:\Users\LENOVO\AppData\Roaming\exelearning\data\tmp\2025\11\26\20251126210644WDTTJQ\tmp\localuser\export\content/css\icons\exe-save-icon-green.svg"/><file href="content/css/C:\Users\LENOVO\AppData\Roaming\exelearning\data\tmp\2025\11\26\20251126210644WDTTJQ\tmp\localuser\export\content/css\icons\exe-save-icon-white.svg"/><file href="content/css/C:\Users\LENOVO\AppData\Roaming\exelearning\data\tmp\2025\11\26\20251126210644WDTTJQ\tmp\localuser\export\content/css\icons\exe-save-icon.svg"/><file href="content/css/C:\Users\LENOVO\AppData\Roaming\exelearning\data\tmp\2025\11\26\20251126210644WDTTJQ\tmp\localuser\export\content/css\icons\exe-science-icon-green.svg"/><file href="content/css/C:\Users\LENOVO\AppData\Roaming\exelearning\data\tmp\2025\11\26\20251126210644WDTTJQ\tmp\localuser\export\content/css\icons\exe-search-icon.svg"/><file href="content/css/C:\Users\LENOVO\AppData\Roaming\exelearning\data\tmp\2025\11\26\20251126210644WDTTJQ\tmp\localuser\export\content/css\icons\exe-settings-icon-green.svg"/><file href="content/css/C:\Users\LENOVO\AppData\Roaming\exelearning\data\tmp\2025\11\26\20251126210644WDTTJQ\tmp\localuser\export\content/css\icons\exe-settings-icon.svg"/><file href="content/css/C:\Users\LENOVO\AppData\Roaming\exelearning\data\tmp\2025\11\26\20251126210644WDTTJQ\tmp\localuser\export\content/css\icons\exe-share-icon-green.svg"/><file href="content/css/C:\Users\LENOVO\AppData\Roaming\exelearning\data\tmp\2025\11\26\20251126210644WDTTJQ\tmp\localuser\export\content/css\icons\exe-share-icon.svg"/><file href="content/css/C:\Users\LENOVO\AppData\Roaming\exelearning\data\tmp\2025\11\26\20251126210644WDTTJQ\tmp\localuser\export\content/css\icons\exe-styles-icon.svg"/><file href="content/css/C:\Users\LENOVO\AppData\Roaming\exelearning\data\tmp\2025\11\26\20251126210644WDTTJQ\tmp\localuser\export\content/css\icons\exe-undo-icon-green.svg"/><file href="content/css/C:\Users\LENOVO\AppData\Roaming\exelearning\data\tmp\2025\11\26\20251126210644WDTTJQ\tmp\localuser\export\content/css\icons\exe-undo-icon.svg"/><file href="content/css/C:\Users\LENOVO\AppData\Roaming\exelearning\data\tmp\2025\11\26\20251126210644WDTTJQ\tmp\localuser\export\content/css\icons\exe-upload-cloud-icon-green.svg"/><file href="content/css/C:\Users\LENOVO\AppData\Roaming\exelearning\data\tmp\2025\11\26\20251126210644WDTTJQ\tmp\localuser\export\content/css\icons\exe-upload-cloud-icon.svg"/><file href="content/css/C:\Users\LENOVO\AppData\Roaming\exelearning\data\tmp\2025\11\26\20251126210644WDTTJQ\tmp\localuser\export\content/css\icons\exe-user-made-icon.svg"/><file href="content/css/C:\Users\LENOVO\AppData\Roaming\exelearning\data\tmp\2025\11\26\20251126210644WDTTJQ\tmp\localuser\export\content/css\icons\menu.svg"/><file href="content/css/C:\Users\LENOVO\AppData\Roaming\exelearning\data\tmp\2025\11\26\20251126210644WDTTJQ\tmp\localuser\export\content/css\icons\minus.svg"/><file href="content/css/C:\Users\LENOVO\AppData\Roaming\exelearning\data\tmp\2025\11\26\20251126210644WDTTJQ\tmp\localuser\export\content/css\icons\plus.svg"/><file href="content/img/C:\Users\LENOVO\AppData\Roaming\exelearning\data\tmp\2025\11\26\20251126210644WDTTJQ\tmp\localuser\export\content/img\exe_powered_logo.png"/><file href="theme/C:\Users\LENOVO\AppData\Roaming\exelearning\data\tmp\2025\11\26\20251126210644WDTTJQ\tmp\localuser\export\theme\config.xml"/><file href="theme/C:\Users\LENOVO\AppData\Roaming\exelearning\data\tmp\2025\11\26\20251126210644WDTTJQ\tmp\localuser\export\theme\content.css"/><file href="theme/C:\Users\LENOVO\AppData\Roaming\exelearning\data\tmp\2025\11\26\20251126210644WDTTJQ\tmp\localuser\export\theme\default.js"/><file href="theme/C:\Users\LENOVO\AppData\Roaming\exelearning\data\tmp\2025\11\26\20251126210644WDTTJQ\tmp\localuser\export\theme\default_licenses.gif"/><file href="theme/C:\Users\LENOVO\AppData\Roaming\exelearning\data\tmp\2025\11\26\20251126210644WDTTJQ\tmp\localuser\export\theme\default_sprite.png"/><file href="theme/C:\Users\LENOVO\AppData\Roaming\exelearning\data\tmp\2025\11\26\20251126210644WDTTJQ\tmp\localuser\export\theme\icons\activity.png"/><file href="theme/C:\Users\LENOVO\AppData\Roaming\exelearning\data\tmp\2025\11\26\20251126210644WDTTJQ\tmp\localuser\export\theme\icons\agreement.png"/><file href="theme/C:\Users\LENOVO\AppData\Roaming\exelearning\data\tmp\2025\11\26\20251126210644WDTTJQ\tmp\localuser\export\theme\icons\alert.png"/><file href="theme/C:\Users\LENOVO\AppData\Roaming\exelearning\data\tmp\2025\11\26\20251126210644WDTTJQ\tmp\localuser\export\theme\icons\arts.png"/><file href="theme/C:\Users\LENOVO\AppData\Roaming\exelearning\data\tmp\2025\11\26\20251126210644WDTTJQ\tmp\localuser\export\theme\icons\ask.png"/><file href="theme/C:\Users\LENOVO\AppData\Roaming\exelearning\data\tmp\2025\11\26\20251126210644WDTTJQ\tmp\localuser\export\theme\icons\book.png"/><file href="theme/C:\Users\LENOVO\AppData\Roaming\exelearning\data\tmp\2025\11\26\20251126210644WDTTJQ\tmp\localuser\export\theme\icons\calculate.png"/><file href="theme/C:\Users\LENOVO\AppData\Roaming\exelearning\data\tmp\2025\11\26\20251126210644WDTTJQ\tmp\localuser\export\theme\icons\case.png"/><file href="theme/C:\Users\LENOVO\AppData\Roaming\exelearning\data\tmp\2025\11\26\20251126210644WDTTJQ\tmp\localuser\export\theme\icons\chrono.png"/><file href="theme/C:\Users\LENOVO\AppData\Roaming\exelearning\data\tmp\2025\11\26\20251126210644WDTTJQ\tmp\localuser\export\theme\icons\collaborative.png"/><file href="theme/C:\Users\LENOVO\AppData\Roaming\exelearning\data\tmp\2025\11\26\20251126210644WDTTJQ\tmp\localuser\export\theme\icons\competencies.png"/><file href="theme/C:\Users\LENOVO\AppData\Roaming\exelearning\data\tmp\2025\11\26\20251126210644WDTTJQ\tmp\localuser\export\theme\icons\diary.png"/><file href="theme/C:\Users\LENOVO\AppData\Roaming\exelearning\data\tmp\2025\11\26\20251126210644WDTTJQ\tmp\localuser\export\theme\icons\diary_alt.png"/><file href="theme/C:\Users\LENOVO\AppData\Roaming\exelearning\data\tmp\2025\11\26\20251126210644WDTTJQ\tmp\localuser\export\theme\icons\discuss.png"/><file href="theme/C:\Users\LENOVO\AppData\Roaming\exelearning\data\tmp\2025\11\26\20251126210644WDTTJQ\tmp\localuser\export\theme\icons\download.png"/><file href="theme/C:\Users\LENOVO\AppData\Roaming\exelearning\data\tmp\2025\11\26\20251126210644WDTTJQ\tmp\localuser\export\theme\icons\draw.png"/><file href="theme/C:\Users\LENOVO\AppData\Roaming\exelearning\data\tmp\2025\11\26\20251126210644WDTTJQ\tmp\localuser\export\theme\icons\english.png"/><file href="theme/C:\Users\LENOVO\AppData\Roaming\exelearning\data\tmp\2025\11\26\20251126210644WDTTJQ\tmp\localuser\export\theme\icons\experiment.png"/><file href="theme/C:\Users\LENOVO\AppData\Roaming\exelearning\data\tmp\2025\11\26\20251126210644WDTTJQ\tmp\localuser\export\theme\icons\explore.png"/><file href="theme/C:\Users\LENOVO\AppData\Roaming\exelearning\data\tmp\2025\11\26\20251126210644WDTTJQ\tmp\localuser\export\theme\icons\file.png"/><file href="theme/C:\Users\LENOVO\AppData\Roaming\exelearning\data\tmp\2025\11\26\20251126210644WDTTJQ\tmp\localuser\export\theme\icons\gallery.png"/><file href="theme/C:\Users\LENOVO\AppData\Roaming\exelearning\data\tmp\2025\11\26\20251126210644WDTTJQ\tmp\localuser\export\theme\icons\geography.png"/><file href="theme/C:\Users\LENOVO\AppData\Roaming\exelearning\data\tmp\2025\11\26\20251126210644WDTTJQ\tmp\localuser\export\theme\icons\guide.png"/><file href="theme/C:\Users\LENOVO\AppData\Roaming\exelearning\data\tmp\2025\11\26\20251126210644WDTTJQ\tmp\localuser\export\theme\icons\history.png"/><file href="theme/C:\Users\LENOVO\AppData\Roaming\exelearning\data\tmp\2025\11\26\20251126210644WDTTJQ\tmp\localuser\export\theme\icons\info.png"/><file href="theme/C:\Users\LENOVO\AppData\Roaming\exelearning\data\tmp\2025\11\26\20251126210644WDTTJQ\tmp\localuser\export\theme\icons\interactive.png"/><file href="theme/C:\Users\LENOVO\AppData\Roaming\exelearning\data\tmp\2025\11\26\20251126210644WDTTJQ\tmp\localuser\export\theme\icons\letters.png"/><file href="theme/C:\Users\LENOVO\AppData\Roaming\exelearning\data\tmp\2025\11\26\20251126210644WDTTJQ\tmp\localuser\export\theme\icons\listen.png"/><file href="theme/C:\Users\LENOVO\AppData\Roaming\exelearning\data\tmp\2025\11\26\20251126210644WDTTJQ\tmp\localuser\export\theme\icons\math.png"/><file href="theme/C:\Users\LENOVO\AppData\Roaming\exelearning\data\tmp\2025\11\26\20251126210644WDTTJQ\tmp\localuser\export\theme\icons\music.png"/><file href="theme/C:\Users\LENOVO\AppData\Roaming\exelearning\data\tmp\2025\11\26\20251126210644WDTTJQ\tmp\localuser\export\theme\icons\nature.png"/><file href="theme/C:\Users\LENOVO\AppData\Roaming\exelearning\data\tmp\2025\11\26\20251126210644WDTTJQ\tmp\localuser\export\theme\icons\objectives.png"/><file href="theme/C:\Users\LENOVO\AppData\Roaming\exelearning\data\tmp\2025\11\26\20251126210644WDTTJQ\tmp\localuser\export\theme\icons\observe.png"/><file href="theme/C:\Users\LENOVO\AppData\Roaming\exelearning\data\tmp\2025\11\26\20251126210644WDTTJQ\tmp\localuser\export\theme\icons\passport.png"/><file href="theme/C:\Users\LENOVO\AppData\Roaming\exelearning\data\tmp\2025\11\26\20251126210644WDTTJQ\tmp\localuser\export\theme\icons\perform.png"/><file href="theme/C:\Users\LENOVO\AppData\Roaming\exelearning\data\tmp\2025\11\26\20251126210644WDTTJQ\tmp\localuser\export\theme\icons\piece.png"/><file href="theme/C:\Users\LENOVO\AppData\Roaming\exelearning\data\tmp\2025\11\26\20251126210644WDTTJQ\tmp\localuser\export\theme\icons\pieces.png"/><file href="theme/C:\Users\LENOVO\AppData\Roaming\exelearning\data\tmp\2025\11\26\20251126210644WDTTJQ\tmp\localuser\export\theme\icons\play.png"/><file href="theme/C:\Users\LENOVO\AppData\Roaming\exelearning\data\tmp\2025\11\26\20251126210644WDTTJQ\tmp\localuser\export\theme\icons\present.png"/><file href="theme/C:\Users\LENOVO\AppData\Roaming\exelearning\data\tmp\2025\11\26\20251126210644WDTTJQ\tmp\localuser\export\theme\icons\reflection.png"/><file href="theme/C:\Users\LENOVO\AppData\Roaming\exelearning\data\tmp\2025\11\26\20251126210644WDTTJQ\tmp\localuser\export\theme\icons\roadmap.png"/><file href="theme/C:\Users\LENOVO\AppData\Roaming\exelearning\data\tmp\2025\11\26\20251126210644WDTTJQ\tmp\localuser\export\theme\icons\share.png"/><file href="theme/C:\Users\LENOVO\AppData\Roaming\exelearning\data\tmp\2025\11\26\20251126210644WDTTJQ\tmp\localuser\export\theme\icons\sport.png"/><file href="theme/C:\Users\LENOVO\AppData\Roaming\exelearning\data\tmp\2025\11\26\20251126210644WDTTJQ\tmp\localuser\export\theme\icons\start.png"/><file href="theme/C:\Users\LENOVO\AppData\Roaming\exelearning\data\tmp\2025\11\26\20251126210644WDTTJQ\tmp\localuser\export\theme\icons\stop.png"/><file href="theme/C:\Users\LENOVO\AppData\Roaming\exelearning\data\tmp\2025\11\26\20251126210644WDTTJQ\tmp\localuser\export\theme\icons\suitcase.png"/><file href="theme/C:\Users\LENOVO\AppData\Roaming\exelearning\data\tmp\2025\11\26\20251126210644WDTTJQ\tmp\localuser\export\theme\icons\technology.png"/><file href="theme/C:\Users\LENOVO\AppData\Roaming\exelearning\data\tmp\2025\11\26\20251126210644WDTTJQ\tmp\localuser\export\theme\icons\think.png"/><file href="theme/C:\Users\LENOVO\AppData\Roaming\exelearning\data\tmp\2025\11\26\20251126210644WDTTJQ\tmp\localuser\export\theme\icons\think_alt.png"/><file href="theme/C:\Users\LENOVO\AppData\Roaming\exelearning\data\tmp\2025\11\26\20251126210644WDTTJQ\tmp\localuser\export\theme\icons\video.png"/><file href="theme/C:\Users\LENOVO\AppData\Roaming\exelearning\data\tmp\2025\11\26\20251126210644WDTTJQ\tmp\localuser\export\theme\preview.png"/><file href="common/C:\Users\LENOVO\AppData\Roaming\exelearning\data\tmp\2025\11\26\20251126210644WDTTJQ\tmp\localuser\export\common\anyElement.xsd"/><file href="common/C:\Users\LENOVO\AppData\Roaming\exelearning\data\tmp\2025\11\26\20251126210644WDTTJQ\tmp\localuser\export\common\dataTypes.xsd"/><file href="common/C:\Users\LENOVO\AppData\Roaming\exelearning\data\tmp\2025\11\26\20251126210644WDTTJQ\tmp\localuser\export\common\elementNames.xsd"/><file href="common/C:\Users\LENOVO\AppData\Roaming\exelearning\data\tmp\2025\11\26\20251126210644WDTTJQ\tmp\localuser\export\common\elementTypes.xsd"/><file href="common/C:\Users\LENOVO\AppData\Roaming\exelearning\data\tmp\2025\11\26\20251126210644WDTTJQ\tmp\localuser\export\common\rootElement.xsd"/><file href="common/C:\Users\LENOVO\AppData\Roaming\exelearning\data\tmp\2025\11\26\20251126210644WDTTJQ\tmp\localuser\export\common\vocabTypes.xsd"/><file href="common/C:\Users\LENOVO\AppData\Roaming\exelearning\data\tmp\2025\11\26\20251126210644WDTTJQ\tmp\localuser\export\common\vocabValues.xsd"/><file href="extend/C:\Users\LENOVO\AppData\Roaming\exelearning\data\tmp\2025\11\26\20251126210644WDTTJQ\tmp\localuser\export\extend\strict.xsd"/><file href="unique/C:\Users\LENOVO\AppData\Roaming\exelearning\data\tmp\2025\11\26\20251126210644WDTTJQ\tmp\localuser\export\unique\strict.xsd"/><file href="vocab/C:\Users\LENOVO\AppData\Roaming\exelearning\data\tmp\2025\11\26\20251126210644WDTTJQ\tmp\localuser\export\vocab\custom.xsd"/><file href="vocab/C:\Users\LENOVO\AppData\Roaming\exelearning\data\tmp\2025\11\26\20251126210644WDTTJQ\tmp\localuser\export\vocab\lomesvocab.xsd"/><file href="vocab/C:\Users\LENOVO\AppData\Roaming\exelearning\data\tmp\2025\11\26\20251126210644WDTTJQ\tmp\localuser\export\vocab\strict.xsd"/><file href="PINTANDO EL FLAMENCO.elpx"/><file href="adlcp_rootv1p2.xsd"/><file href="content.xml"/><file href="ims_xml.xsd"/><file href="imscp_rootv1p1p2.xsd"/><file href="imslrm.xml"/><file href="imsmd_rootv1p2p1.xsd"/><file href="lom.xsd"/><file href="lomCustom.xsd"/></resource></resources></manifest>
